01	utWlgUqaNHrIbSLwytcr	image_1784232684709_6083c716_1784232685536_5966d45e.png
02	Qncx1mC66C4DVhNhIexR	image_1784232684840_18e0014c_1784232685259_0c22fb5b.png
03	XgNbU4ybq5PyLf18M5Qh	image_1784232689639_bff569e4_1784232690707_c0edde6f.png
04	3zdEawj4O2f9F1stw6Ln	image_1784232696447_ce283698_1784232696703_0b5afdd8.png
05	owLJoOqUrXvLcLFqqTLh	image_1784232707865_c9ba5fe1_1784232708114_efd5f428.png
06	eJEjoXURO4z4AVJ7GUVd	image_1784232707721_1b01bc37_1784232708122_8b73b9b9.png
07	9mpveCapD0QzuFJMaRXu	image_1784232714033_79129783_1784232714230_209a4230.png
08	geH4a0S4DOfKpVzBhhCO	image_1784232720184_f352338a_1784232720330_d8ee3fd8.png
09	0jXmXpXxoNeCBOyuPE9Y	image_1784232892566_f1422472_1784232892747_d83b40a8.png
10	QXE79HXqw7mCGS39tjSS	image_1784232896500_c7329f1c_1784232897658_3a76ebd5.png
11	UKXETAOAaLetuuS3u1Nl	image_1784232901714_5051965f_1784232902829_bcc4dcc9.png
12	fynFYSm46S9JcBpEETwm	image_1784232909263_3159d3bd_1784232909786_0551afb4.png
13	fz8ooB8lfDnt9TaVUuhM	image_1784232914035_8f6eace9_1784232914209_83c0ea09.png
14	EilCMAgOmanIDmWfAup9	image_1784232918325_78a459a8_1784232919053_f939f059.png
15	SKmFB5drBZYsmqF4j55d	image_1784232927238_bf200954_1784232927820_c0cce73e.png
16	zQPFrVRlh83tM7w1v0J8	image_1784232927789_d54fd5cb_1784232928265_58d00305.png
17	p21SqF7dGaU2dLRo6qaV	image_1784233186184_11050256_1784233186771_6b7c2493.png
18	JGKBCKpOu9nJtxTtHUIR	image_1784233229374_e913aca7_1784233230243_83ac7577.png
19	cMVduwWYa0sDAU0V7tWS	image_1784233198959_5496a6ea_1784233199624_7c2d09ff.png
20	aafppPi69Iz7CYoM6mGr	image_1784233206855_f8cfc85a_1784233207368_f22539c1.png
21	XUdu0hPOlAVTgHvJ2Nwk	image_1784233232620_43635a72_1784233233599_07266f43.png
22	6QeIpLTBghGvuGneeOXZ	image_1784233238549_e393aa33_1784233238947_b0ef34b5.png
23	fgdFibZilZyu4nqEleOw	image_1784233244373_811d5223_1784233244690_61179af7.png
24	WyvkbcMVlk2Mn97T75zW	image_1784233247339_05eae374_1784233248001_f923a009.png
25	lKxYLXkSbV4PzIoxSlSV	image_1784233680168_ea419430_1784233680776_b65c5db5.png
26	YrKhlroftcgn5k39SnHS	image_1784233452284_0be76e49_1784233453178_729be4c2.png
27	bhRhSTAxyCCGBv4SEHJq	image_1784233459776_b64aca57_1784233460273_02424cc3.png
