01	HvOsCKIEy9XC0gs6XbCi	image_1784138620675_93f5e987_1784138621415_301c7ad9.png
02	eOualtDPTCX7chR34m6v	image_1784138632670_e9b756ae_1784138633636_07f1343d.png
03	em2pSM0MSc3DiLIZ5luh	image_1784138631561_007c8939_1784138632402_f6bcfd13.png
04	1tz5QUHak6n8TAL0PQHh	image_1784138643134_d1eafe64_1784138643929_9a368ce1.png
05	wbPyODOH545eYdyp0EpC	image_1784138651300_ac56f7c5_1784138651971_c4921916.png
06	zAbVFYLcGRrOEBMqOA1f	image_1784138658832_7da07f40_1784138659565_1611fad6.png
07	QMc02VIwx4I6LWnlnmvW	image_1784138665664_72338af6_1784138666217_2651b6f9.png
08	UXVarbAs93Y8rZKhIwWh	image_1784138674386_e0e32c95_1784138675619_4ca2593b.png
09	Q3XkotXHwL0ZWohfyFrI	image_1784138707046_528dcea6_1784138708070_57c46780.png
10	gtBUgEV4obVGCxQtfgkm	image_1784138708819_405bec90_1784138709706_665691e1.png
11	0N3vyJkjaJRwMaMoxfdR	image_1784138714775_9dfdb44d_1784138715661_ba883af9.png
12	r609RVVEgwURw1KvzBQz	image_1784138720783_35ae35a1_1784138721076_a3bc353f.png
13	xuOAFddZQpmFQq4Myjdv	image_1784138729869_274a44da_1784138730581_c7f6bbf3.png
14	WlTLfAbpIGN4JTUaapJg	image_1784138736306_51da018b_1784138737268_9a21028a.png
15	3to2bSxtFjKcVr71ECP8	image_1784138741824_061a80ee_1784138742373_0dc5bf64.png
16	9S982kFCTDE5haBS8Qzm	image_1784138749929_fe4e2725_1784138750578_7f6f9d91.png
17	pP3p2qQdUCzmnWomhVyJ	image_1784138787209_9d6aaf20_1784138787670_07eba9ce.png
18	VsaR0U0A7WGnMg4uI4xI	image_1784138787874_0ad590a8_1784138788539_c99e97ed.png
19	kMRA1XyHyFFg1rDbyRyI	image_1784138795110_e4fec16c_1784138795477_23bb7340.png
20	2fG8ZOFIpeBlwWWv9yUm	image_1784138797410_95786fe4_1784138797672_14f3d17d.png
21	YlPuF2WBKKNQsnu2dtoG	image_1784138811552_7a0f631c_1784138811911_a6fd6799.png
22	4Dbj0cYYUe6tzIaV5aLV	image_1784138817133_8910d200_1784138818292_5ae12541.png
23	fXKx9yHaONmWujWg0Zbv	image_1784138824757_f1151378_1784138825120_d7759cd8.png
24	tBcrPRT4GqJimNqeTTT5	image_1784138829370_dccf93fc_1784138830158_43d17265.png
25	ECpMuwFnnrUvXDvSlo6O	image_1784138837902_df0de68f_1784138838309_bf98d0c9.png
