01	J92fTsVCVNJODA8YWKtr	image_1784140857919_ff4e5936_1784140858730_9c349b3c.png
02	Z4rS7TBNLVAwe07u9C6i	image_1784141126682_e76c3032_1784141127547_9b00180d.png
03	yPADFoOtoZsgH8XS1fmN	image_1784140873183_34c93cd7_1784140873936_67d95684.png
04	2U9iYCA3QQsrhCeDhcQH	image_1784140871232_7d255702_1784140871958_8a3d8c2b.png
05	rAWV5UdZHAeE4GecGtrT	image_1784140878430_f0501b3d_1784140878800_e4c0b3e5.png
06	14JziiSew58QxPPEkeTX	image_1784140882735_110b8348_1784140883788_fd007547.png
07	vHMqMAD0a4mB1pdBCED7	image_1784140891209_ca47bd4e_1784140891811_ef919aca.png
08	7OFkU8bnf0s77H2Zy6MA	image_1784140904790_aa43c459_1784140905338_11601422.png
09	CGdaTPvn438lGSb5kYtk	image_1784140899886_1c22c989_1784140901208_3324ecc1.png
10	A1WcMjd3bj67WOwxRlIF	image_1784140937428_54e752ff_1784140937858_a14a129a.png
11	XRnfPnYrzgYqZ4mc0Sq2	image_1784140944666_9e2ccaa5_1784140945260_77adaff8.png
12	xYuMfEIwgrD6Zt293AaU	image_1784140987087_3b2ba60f_1784140987412_1c281a02.png
13	ENpqiX3EiPiGNIPcUig5	image_1784140946870_59486b44_1784140947238_c56d2efa.png
14	t4Ki3kbUZ8GBMtNw3Dgh	image_1784140952097_4c41f46e_1784140952834_b3ee38bb.png
15	CqMPbGosG1t4agbhIv74	image_1784140954611_2006f059_1784140955163_b7f878ad.png
16	UReSdVt0v7aHi0bhe6QE	image_1784141380632_2d49a581_1784141381321_eebdbec3.png
17	uwhj4Jmab65cAmqSIuAU	image_1784141393468_5d389fe3_1784141394244_d1ba3c8c.png
18	4wL5tnmhiVeJAnPq8Mlu	image_1784141395341_07ab8bd7_1784141395896_424e9847.png
19	cszf62bje0zR2iM5QfKZ	image_1784141396173_96766e3c_1784141396757_80319b51.png
20	4DIv26YlpUhMAPfkshmL	image_1784141019106_4388c9ea_1784141019636_9ebc0230.png
21	yMKz2xyiAnSqCSODgIVS	image_1784141026586_fd840ecc_1784141027739_a736208c.png
22	Nrj1n0TJHixgoDxBzcNu	image_1784141043121_aa3b2234_1784141044301_a7d72c69.png
23	wqbcSRJKrPqN5en6cm3B	image_1784141036631_f2ad2e5d_1784141037049_78f072e1.png
24	eIUPxEWQPuPkOymqeCz0	image_1784142336785_c5340105_1784142337651_c53d1d4a.png
25	yXZrdIWd88M4xj9HH9P7	image_1784142341584_89843b8c_1784142342145_5e65cb73.png
26	W6Ztw0F9l5JlVrebaxnn	image_1784141055729_58fc96cb_1784141056369_d957d7fc.png
